{
    "Trash Tracker": {
        "x": 11,
        "y": 12.075057983398438,
        "scale": 1.5400000000000005,
        "width": 161.70000000000005,
        "height": 41.58000000000001
    },
    "drops": 0,
    "test2": {
        "x": 120,
        "y": 10,
        "scale": 1,
        "width": 32,
        "height": 18
    }
}