{
    "drops": [
<<<<<<< HEAD
        3,
=======
        0,
>>>>>>> 2f518bbe243097247538facd44669800450ec3d1
        0,
        0,
        0
    ],
    "Trash Tracker": {
<<<<<<< HEAD
        "x": 11.5,
        "y": 7.5203857421875,
=======
        "x": 146.5,
        "y": 48.0203857421875,
>>>>>>> 2f518bbe243097247538facd44669800450ec3d1
        "scale": 1.06,
        "width": 111.30000000000001,
        "height": 57.24
    }
<<<<<<< HEAD
}
=======
}
>>>>>>> 2f518bbe243097247538facd44669800450ec3d1
