{
    "drops": [
        0,
        0,
        0,
        0
    ],
    "Trash Tracker": {
        "x": 146.5,
        "y": 48.0203857421875,
        "scale": 1.06,
        "width": 111.30000000000001,
        "height": 57.24
    }
}
