{
    "Trash Tracker": {
        "x": 14.607284545898438,
        "y": 15.580917358398438,
        "scale": 1.4800000000000004,
        "width": 155.40000000000003,
        "height": 39.96000000000001
    },
    "drops": 0,
    "test2": {
        "x": 120,
        "y": 10,
        "scale": 1,
        "width": 32,
        "height": 18
    }
}